CDT,Max TemperatureF,Mean TemperatureF,Min TemperatureF,Max Dew PointF,MeanDew PointF,Min DewpointF,Max Humidity, Mean Humidity, Min Humidity, Max Sea Level PressureIn, Mean Sea Level PressureIn, Min Sea Level PressureIn, Max VisibilityMiles, Mean VisibilityMiles, Min VisibilityMiles, Max Wind SpeedMPH, Mean Wind SpeedMPH, Max Gust SpeedMPH,PrecipitationIn, CloudCover, Events, WindDirDegrees
2011-3-28,64,58,51,54,49,46,83,72,60,30.01,29.92,29.86,10,9,6,9,5,15,0.00,8,,50
2011-3-29,71,62,53,64,57,45,90,79,67,30.06,29.91,29.83,10,6,2,16,4,24,0.01,8,Rain,23
2011-3-30,69,58,47,45,41,39,77,56,35,30.09,30.00,29.85,10,10,7,15,6,28,0.00,5,,1
2011-3-31,82,63,43,54,46,40,83,60,36,29.93,29.84,29.74,10,10,6,9,2,14,0.00,0,,155
2011-4-1,93,77,60,63,57,51,93,60,26,29.83,29.76,29.67,10,8,4,15,6,24,0.00,1,,195
2011-4-2,86,72,58,66,62,54,87,69,51,30.00,29.91,29.82,10,9,7,15,5,25,0.00,3,,162
2011-4-3,87,78,68,70,66,64,87,69,51,29.91,29.80,29.67,10,7,4,17,9,29,0.00,8,,174
2011-4-4,75,63,51,70,49,18,84,50,15,30.13,29.84,29.61,10,8,2,22,9,39,0.02,4,Rain-Thunderstorm,332
2011-4-5,78,60,41,33,24,16,62,37,11,30.24,30.12,29.98,10,10,10,13,5,23,0.00,0,,163
2011-4-6,88,70,52,60,51,38,83,57,31,30.01,29.93,29.81,10,10,10,17,9,28,0.00,0,,181
2011-4-7,84,75,65,68,63,60,87,69,51,29.89,29.80,29.69,10,10,8,15,7,23,0.00,6,,173
2011-4-8,93,83,72,70,67,63,87,63,38,29.84,29.77,29.70,10,8,3,16,10,29,0.00,4,,163
2011-4-9,94,82,69,69,65,61,90,63,36,29.90,29.83,29.74,10,9,7,20,11,32,0.00,4,,164
2011-4-10,93,82,71,69,66,61,90,63,36,29.88,29.78,29.67,10,9,7,18,10,29,0.00,5,,165
2011-4-11,84,71,57,68,48,30,93,54,15,30.13,29.95,29.68,10,9,1,18,7,31,0.25,3,Rain-Thunderstorm,326
2011-4-12,86,70,53,47,39,32,67,41,15,30.18,30.07,29.94,10,10,10,12,3,21,0.00,0,,208
2011-4-13,87,70,53,64,50,44,79,52,25,30.01,29.93,29.83,10,10,10,13,5,21,0.00,0,,168
2011-4-14,88,79,70,68,66,64,90,68,46,29.90,29.78,29.59,10,9,5,14,7,24,0.00,7,,173
2011-4-15,84,73,61,68,33,9,84,45,6,30.03,29.85,29.67,10,9,4,18,8,31,0.00,2,,329
2011-4-16,82,65,47,31,22,14,41,25,9,30.14,30.05,29.96,10,9,7,9,2,16,0.00,2,,178
2011-4-17,88,69,50,63,48,31,73,47,20,29.99,29.88,29.75,10,10,10,20,6,31,0.00,1,,174
2011-4-18,95,83,71,69,66,64,84,60,36,29.79,29.72,29.60,10,9,7,16,8,25,0.00,5,,182
2011-4-19,93,83,73,70,68,66,84,64,44,29.78,29.70,29.63,10,7,4,15,8,24,0.00,6,,177
2011-4-20,90,83,75,72,69,66,87,69,50,29.94,29.85,29.75,10,7,5,12,6,18,0.00,6,,156
2011-4-21,92,83,74,70,68,62,87,63,38,29.98,29.90,29.78,10,7,4,17,9,28,0.00,5,,160
2011-4-22,94,84,73,70,65,60,87,60,33,30.00,29.81,29.72,10,9,6,17,10,32,T,4,Rain,174
2011-4-23,94,84,74,68,66,60,84,60,36,29.87,29.79,29.72,10,9,6,18,9,33,0.00,4,,168
2011-4-24,92,83,73,70,66,61,87,63,38,29.88,29.80,29.69,10,9,6,20,9,32,0.00,5,,155
2011-4-25,92,83,74,70,68,62,82,62,41,29.78,29.65,29.47,10,8,6,15,7,26,T,6,,175
2011-4-26,96,85,74,72,70,65,87,63,39,29.59,29.47,29.29,9,7,5,16,7,28,0.00,4,,170
2011-4-27,87,76,65,73,44,23,79,45,11,30.03,29.66,29.37,10,9,6,20,7,32,0.00,2,,321
2011-4-28,83,68,53,46,39,32,66,42,17,30.22,30.12,30.04,10,10,10,8,3,15,0.00,0,,75
2011-4-29,90,74,58,61,50,38,80,50,19,30.08,29.92,29.77,10,10,10,20,9,33,0.00,0,,162
2011-4-30,93,82,71,72,67,62,84,63,41,29.76,29.70,29.62,10,9,7,15,7,24,0.00,6,,171
2011-5-1,95,73,50,70,60,43,82,59,36,29.99,29.77,29.68,10,8,4,18,9,29,T,6,Rain,162
2011-5-2,55,52,49,52,47,44,93,82,71,30.28,30.14,29.95,10,8,2,14,7,26,0.03,7,Rain,348
2011-5-3,75,62,48,47,40,32,86,54,21,30.42,30.34,30.28,10,10,10,16,6,25,0.00,2,,5
2011-5-4,83,65,46,44,35,27,77,46,15,30.38,30.30,30.19,10,10,10,14,4,22,0.00,0,,154
2011-5-5,86,71,55,54,47,42,72,48,23,30.23,30.12,30.01,10,10,10,10,4,17,0.00,0,,162
2011-5-6,90,76,61,61,55,47,90,60,29,30.09,29.99,29.86,10,10,10,14,6,25,0.00,1,,174
2011-5-7,94,81,67,67,62,50,81,57,33,29.93,29.85,29.75,10,10,9,14,8,24,0.00,2,,173
2011-5-8,98,86,73,70,66,63,79,56,33,29.86,29.78,29.69,10,10,8,17,9,29,0.00,4,,170
2011-5-9,99,87,74,69,65,58,84,55,26,29.82,29.73,29.64,10,9,8,21,9,33,0.00,3,,169
2011-5-10,95,85,75,70,65,57,82,58,33,29.82,29.74,29.68,10,9,5,17,8,28,0.02,3,Thunderstorm,158
2011-5-11,92,82,71,70,67,62,82,62,41,29.89,29.76,29.69,10,9,6,17,8,29,0.00,6,Thunderstorm,153
2011-5-12,78,71,63,73,66,60,93,77,60,29.99,29.88,29.79,10,6,0,23,3,43,2.96,5,Fog-Rain-Thunderstorm,102
2011-5-13,90,75,60,62,52,45,97,59,21,29.97,29.91,29.85,10,10,6,13,5,21,0.00,0,,358
2011-5-14,82,71,60,51,42,31,69,44,18,30.06,29.98,29.91,10,10,10,13,6,21,0.00,0,,5
2011-5-15,81,68,54,47,44,41,72,49,25,30.09,30.00,29.94,10,10,10,10,3,17,0.00,2,,37
2011-5-16,87,76,65,50,47,44,60,43,26,30.03,29.95,29.86,10,10,10,9,3,16,0.00,3,,100
2011-5-17,89,75,61,60,53,48,69,49,29,29.89,29.79,29.67,10,10,10,18,6,26,0.00,1,,151
2011-5-18,88,78,68,67,64,60,79,65,50,29.74,29.68,29.58,10,10,10,20,8,29,0.00,7,,171
2011-5-19,80,77,74,73,71,68,94,84,74,29.75,29.70,29.65,10,7,2,15,8,25,0.04,8,Rain,152
2011-5-20,90,81,71,73,71,59,85,63,40,29.83,29.73,29.62,10,4,0,14,6,24,0.60,6,Rain-Thunderstorm,169
2011-5-21,89,77,65,75,72,69,93,75,56,29.88,29.82,29.76,10,5,1,12,5,20,0.00,5,Thunderstorm,159
2011-5-22,93,85,77,74,70,63,85,62,38,29.89,29.80,29.70,10,8,4,18,9,31,0.00,5,,166
2011-5-23,94,85,75,71,68,65,87,64,41,29.84,29.76,29.70,10,9,5,16,9,25,0.00,6,,161
2011-5-24,95,86,77,72,70,67,79,61,43,29.79,29.70,29.60,10,8,4,16,10,30,0.00,4,,172
2011-5-25,100,89,77,72,65,41,82,51,19,29.82,29.73,29.65,10,8,5,14,5,21,0.00,3,Thunderstorm,168
2011-5-26,92,80,68,54,52,45,59,43,26,29.97,29.89,29.82,10,10,10,10,5,17,0.00,0,,47
2011-5-27,100,86,72,70,64,54,93,59,24,29.85,29.75,29.62,10,8,3,18,8,31,0.00,1,,173
2011-5-28,100,88,75,72,69,65,87,60,33,29.74,29.67,29.59,10,9,7,18,10,29,0.00,3,,174
2011-5-29,97,86,75,70,68,64,82,59,35,29.87,29.74,29.68,10,10,8,21,11,33,0.00,3,,161
2011-5-30,96,87,77,72,69,58,79,56,32,30.01,29.86,29.79,10,10,9,21,12,33,0.00,5,,156
2011-5-31,98,88,78,73,70,64,85,61,36,30.15,30.04,29.95,10,10,9,13,7,22,0.00,5,,147
2011-6-1,97,86,74,72,66,53,87,56,24,30.23,30.14,30.01,10,10,8,13,4,22,0.00,3,,146
2011-6-2,99,84,69,66,59,54,84,54,24,30.07,29.99,29.88,10,10,10,17,5,23,0.00,0,,172
2011-6-3,99,86,72,65,60,57,61,44,26,30.02,29.95,29.89,10,10,10,16,5,24,0.00,0,,149
2011-6-4,98,85,72,72,65,54,87,56,24,30.16,30.08,30.01,10,10,10,13,4,21,0.00,3,,141
2011-6-5,101,85,69,66,62,58,78,54,29,30.10,30.04,29.95,10,10,10,14,2,21,0.00,0,Thunderstorm,173
2011-6-6,103,87,71,65,59,51,73,46,19,29.99,29.91,29.81,10,10,7,17,3,33,0.00,0,,96
2011-6-7,100,86,72,69,63,58,73,50,26,29.89,29.84,29.77,10,10,7,16,5,28,0.00,0,,164
2011-6-8,99,87,74,72,67,61,87,58,29,29.95,29.87,29.80,10,10,9,15,8,24,0.00,2,,178
2011-6-9,99,86,73,71,67,57,87,57,26,29.98,29.89,29.78,10,10,9,16,8,25,0.00,2,,170
2011-6-10,100,87,74,72,67,60,87,58,29,29.95,29.86,29.77,10,10,9,15,8,23,0.00,3,,169
2011-6-11,99,87,74,72,67,60,87,58,29,29.97,29.88,29.79,10,10,10,12,4,21,0.00,3,,172
2011-6-12,100,88,75,72,67,57,87,57,26,29.96,29.89,29.80,10,10,7,14,7,22,0.00,2,,179
2011-6-13,101,88,75,72,66,58,87,57,26,30.02,29.92,29.83,10,10,10,14,6,23,0.00,1,,182
2011-6-14,103,89,75,72,66,57,87,56,24,29.98,29.88,29.73,10,10,10,16,8,28,0.00,2,,183
2011-6-15,104,91,78,72,67,58,79,52,24,29.90,29.79,29.70,10,10,10,17,8,25,0.00,2,,170
2011-6-16,103,90,77,72,69,61,82,55,27,29.87,29.78,29.68,10,10,10,17,9,32,0.00,3,,172
2011-6-17,106,93,80,74,69,60,79,52,24,29.85,29.77,29.70,10,10,9,17,9,29,0.00,3,,180
2011-6-18,106,92,78,73,70,58,85,53,21,29.94,29.83,29.73,10,10,10,17,10,36,0.00,3,,180
2011-6-19,105,92,79,73,69,61,85,55,25,29.88,29.78,29.66,10,10,10,20,10,33,0.00,2,,176
2011-6-20,102,90,78,72,69,64,79,55,31,29.81,29.70,29.60,10,10,10,17,11,35,0.00,4,,174
2011-6-21,101,86,70,73,71,65,79,56,33,29.82,29.74,29.65,10,10,10,16,8,33,0.02,6,,170
2011-6-22,90,79,67,70,69,66,100,76,52,29.94,29.90,29.84,10,8,1,13,3,22,1.99,5,Rain-Thunderstorm,93
2011-6-23,95,84,72,72,70,67,93,67,41,29.97,29.89,29.80,10,10,10,12,4,17,0.00,3,,171
2011-6-24,97,85,73,72,70,66,87,65,42,29.91,29.83,29.75,10,10,10,15,5,23,0.00,2,,147
2011-6-25,97,87,77,74,72,69,88,65,42,29.89,29.82,29.76,10,10,10,15,7,30,T,5,Rain,166
2011-6-26,97,87,77,74,71,65,88,63,38,29.93,29.85,29.78,10,10,9,15,8,26,0.00,4,,176
2011-6-27,99,88,77,74,72,67,88,62,35,29.97,29.90,29.83,10,10,10,15,8,24,0.00,3,,181
2011-6-28,99,88,76,74,71,62,94,65,35,30.06,29.98,29.90,10,10,10,14,5,23,0.00,2,,170
2011-6-29,99,87,75,72,67,60,87,59,30,30.03,29.96,29.89,10,10,10,12,4,17,0.00,0,,162
2011-6-30,100,87,74,70,63,36,79,45,11,30.00,29.93,29.87,10,10,10,12,5,20,0.00,1,,167
2011-7-1,99,88,76,74,70,63,88,61,33,30.04,29.97,29.91,10,10,10,14,5,23,T,2,,177
2011-7-2,101,89,76,75,70,63,94,63,31,30.06,29.99,29.91,10,10,7,9,3,17,0.00,0,,179
2011-7-3,102,89,75,71,66,60,76,53,29,29.99,29.93,29.84,10,10,10,12,4,20,0.00,0,,169
2011-7-4,101,88,75,72,66,58,82,53,24,29.94,29.89,29.83,10,10,10,12,5,21,0.00,0,,178
2011-7-5,101,87,73,71,65,59,87,58,28,29.96,29.91,29.84,10,10,10,10,4,17,0.00,0,,165
2011-7-6,102,89,76,70,66,60,74,51,27,29.97,29.91,29.84,10,10,10,16,4,29,0.00,1,,151
2011-7-7,100,88,76,71,66,60,82,56,30,29.94,29.87,29.78,10,10,10,12,4,21,0.00,0,,175
2011-7-8,102,89,76,68,64,58,79,52,24,29.86,29.81,29.74,10,10,10,10,5,20,0.00,0,,175
2011-7-9,100,89,77,72,67,62,82,57,31,29.88,29.83,29.78,10,10,10,14,6,20,0.00,0,,179
2011-7-10,101,90,79,74,70,63,85,59,33,30.00,29.92,29.86,10,10,10,16,5,28,T,2,Thunderstorm,175
2011-7-11,102,90,78,74,70,63,85,57,29,30.04,29.96,29.85,10,10,10,14,6,25,0.00,2,,172
2011-7-12,102,90,78,73,70,64,85,59,33,30.01,29.93,29.83,10,10,10,14,6,23,0.00,2,,191
2011-7-13,102,89,76,72,67,61,87,57,27,29.94,29.87,29.78,10,10,10,13,6,20,0.00,0,,184
2011-7-14,104,91,77,72,66,60,82,55,27,29.88,29.81,29.71,10,10,10,13,5,22,0.00,0,,189
2011-7-15,104,92,79,73,66,59,85,55,25,29.83,29.78,29.72,10,10,10,15,6,23,0.00,0,,179
2011-7-16,99,89,78,71,66,61,79,55,30,29.92,29.85,29.80,10,10,10,13,5,18,0.01,1,,168
2011-7-17,101,89,76,71,66,60,87,57,27,30.04,29.97,29.92,10,10,10,12,4,18,0.00,0,,179
2011-7-18,100,89,78,70,67,63,74,53,31,30.05,29.95,29.88,10,10,10,8,4,15,0.00,2,,158
2011-7-19,103,91,78,75,69,65,69,50,31,29.93,29.89,29.83,10,10,8,17,3,26,T,1,Rain-Thunderstorm,146
2011-7-20,102,90,78,74,69,63,85,57,29,29.95,29.87,29.77,10,10,10,15,6,25,0.00,3,,171
2011-7-21,103,91,78,73,70,62,85,57,29,29.93,29.85,29.75,10,10,7,15,7,28,T,3,,171
2011-7-22,104,92,79,74,71,65,85,58,31,29.97,29.88,29.75,10,10,10,15,7,25,0.00,4,,171
2011-7-23,104,91,78,75,70,62,85,56,27,30.02,29.94,29.86,10,10,10,14,8,24,0.00,2,,172
2011-7-24,105,92,79,74,69,60,79,51,23,30.10,30.00,29.90,10,10,10,15,6,25,0.00,3,,183
2011-7-25,105,91,77,70,63,54,76,48,20,29.99,29.91,29.81,10,10,10,14,5,25,0.00,0,,176
2011-7-26,103,91,79,70,64,58,74,49,23,29.86,29.80,29.72,10,10,10,13,6,21,0.00,0,,169
2011-7-27,104,91,78,70,65,58,74,48,22,29.86,29.79,29.71,10,10,10,14,7,23,0.00,0,,167
2011-7-28,104,92,79,73,68,59,79,52,25,29.95,29.86,29.80,10,10,10,14,6,23,0.00,2,,178
2011-7-29,102,91,79,73,70,66,85,59,33,30.02,29.93,29.87,10,10,10,17,6,26,0.00,2,,154
2011-7-30,102,89,76,75,71,65,94,63,31,30.10,30.01,29.92,10,9,2,15,7,21,0.04,4,Rain,137
2011-7-31,102,89,76,73,66,59,87,57,26,30.10,30.03,29.94,10,10,9,12,3,17,0.00,0,,167
2011-8-1,107,93,78,70,64,58,74,49,23,30.02,29.95,29.85,10,10,10,10,3,18,0.00,0,,173
2011-8-2,107,94,80,68,64,61,58,42,25,29.91,29.85,29.78,10,10,10,13,4,20,0.00,0,,170
2011-8-3,106,93,79,71,65,59,74,49,24,29.89,29.82,29.74,10,10,10,14,5,25,0.00,0,,170
2011-8-4,107,93,79,70,65,58,74,48,22,29.88,29.83,29.76,10,10,10,13,5,22,0.00,0,,174
2011-8-5,106,92,78,73,67,61,85,54,23,29.91,29.85,29.78,10,10,10,15,6,28,0.00,0,,178
2011-8-6,104,91,78,74,69,61,85,55,24,29.96,29.88,29.78,10,10,10,13,6,23,0.00,1,,178
2011-8-7,103,91,79,74,69,61,85,56,27,29.96,29.85,29.75,10,10,10,14,6,26,0.00,1,,185
2011-8-8,106,93,79,74,69,60,85,55,24,29.91,29.81,29.69,10,10,10,17,8,32,0.00,1,,179
2011-8-9,106,92,78,74,69,61,85,54,23,29.89,29.80,29.69,10,10,10,15,7,24,0.00,2,,179
2011-8-10,104,92,79,74,70,63,85,57,29,29.88,29.80,29.68,10,10,9,17,8,25,0.00,2,,179
2011-8-11,104,93,82,75,71,66,79,56,33,29.89,29.81,29.72,10,10,9,16,7,25,0.00,4,,169
2011-8-12,103,92,81,75,70,62,85,57,29,29.95,29.86,29.78,10,10,10,14,6,25,0.00,2,,178
2011-8-13,97,88,79,74,70,63,85,59,33,29.97,29.90,29.83,10,10,10,10,4,18,0.00,1,,174
2011-8-14,105,92,79,73,68,60,85,55,25,29.97,29.91,29.82,10,10,10,13,4,21,0.00,1,,133
2011-8-15,105,92,79,69,65,59,74,49,24,29.91,29.85,29.79,10,10,10,15,5,24,0.00,0,,174
2011-8-16,104,91,77,72,66,61,82,53,24,29.95,29.90,29.84,10,10,10,16,6,26,0.00,1,,169
2011-8-17,103,91,78,74,67,59,85,55,25,30.08,29.99,29.90,10,10,10,12,5,21,0.00,1,,175
2011-8-18,106,91,75,68,62,57,74,48,22,29.99,29.91,29.81,10,10,10,13,4,21,0.00,0,,168
2011-8-19,107,92,77,69,64,59,71,47,23,29.89,29.83,29.75,10,10,10,14,5,22,0.00,0,,180
2011-8-20,106,93,79,69,66,60,69,47,25,29.90,29.85,29.78,10,10,10,16,5,24,0.00,0,,149
2011-8-21,103,90,77,74,69,61,88,58,27,30.03,29.94,29.87,10,10,10,15,6,25,0.00,1,,171
2011-8-22,105,92,78,71,66,60,74,51,27,30.01,29.94,29.85,10,10,10,12,4,22,0.00,1,,167
2011-8-23,104,91,78,73,66,58,79,51,23,29.94,29.87,29.79,10,10,10,15,4,26,0.00,0,,172
2011-8-24,106,93,79,71,66,61,74,51,27,29.91,29.85,29.77,10,10,9,17,4,28,0.00,0,,153
2011-8-25,94,86,77,72,68,64,74,58,41,29.95,29.89,29.84,10,10,10,14,4,22,T,1,,140
2011-8-26,103,89,74,70,65,59,82,54,25,29.98,29.91,29.84,10,10,10,9,2,14,0.00,0,,186
2011-8-27,110,95,79,68,61,53,67,42,17,29.92,29.85,29.76,10,10,10,12,3,16,0.00,1,,296
2011-8-28,112,96,80,62,56,48,51,32,13,29.81,29.76,29.69,10,10,10,10,4,20,0.00,0,,55
2011-8-29,109,95,81,65,57,46,58,36,14,29.84,29.78,29.72,10,10,10,12,4,18,0.00,0,,169
2011-8-30,105,92,79,65,59,55,55,38,20,29.88,29.82,29.75,10,10,10,13,5,21,0.00,0,,156
2011-8-31,103,89,75,72,62,56,79,51,23,29.97,29.90,29.84,10,10,10,14,6,21,0.00,0,,153
2011-9-1,102,89,76,72,65,59,74,51,27,29.98,29.90,29.81,10,10,10,12,4,18,0.00,1,,160
2011-9-2,104,92,80,74,67,58,74,49,24,29.91,29.82,29.71,10,10,10,13,3,21,0.00,1,,113
2011-9-3,102,90,77,69,59,51,69,45,21,29.78,29.71,29.62,10,10,10,15,5,23,0.00,0,,25
2011-9-4,102,90,77,61,56,50,48,34,19,29.81,29.72,29.66,10,10,10,22,11,33,0.00,0,,1
2011-9-5,92,79,66,62,43,25,54,32,9,29.98,29.91,29.83,10,10,10,18,7,28,0.00,0,,3
2011-9-6,94,79,64,40,36,31,34,23,11,30.07,30.00,29.94,10,10,10,9,3,16,0.00,0,,6
2011-9-7,96,79,61,44,37,30,52,31,10,30.10,30.04,29.99,10,9,3,10,2,16,0.00,0,,3
2011-9-8,95,80,65,46,36,27,48,29,9,30.14,30.05,29.96,10,10,10,13,5,20,0.00,0,,7
2011-9-9,99,81,63,43,39,35,44,29,13,30.04,29.96,29.87,10,10,10,10,3,18,0.00,0,,10
2011-9-10,100,83,65,46,39,34,45,28,10,30.03,29.98,29.92,10,10,10,12,2,20,0.00,0,,40
2011-9-11,104,85,66,56,50,41,59,37,15,30.07,30.01,29.95,10,10,10,9,2,20,0.00,0,,158
2011-9-12,105,88,70,54,49,45,53,34,14,30.10,30.02,29.93,10,10,10,10,3,21,0.00,0,,179
2011-9-13,105,90,74,67,55,48,68,42,16,29.98,29.93,29.86,10,10,10,14,5,21,0.00,0,,195
2011-9-14,103,88,73,68,59,49,84,53,21,29.92,29.88,29.81,10,10,10,14,6,23,0.00,0,,173
2011-9-15,96,85,74,67,63,60,79,56,33,30.04,29.97,29.92,10,10,10,12,4,21,0.00,1,,144
2011-9-16,91,83,75,69,66,60,82,62,41,30.08,30.02,29.94,10,10,9,14,6,21,T,4,Rain,151
2011-9-17,93,83,73,76,70,66,87,67,47,30.08,30.01,29.94,10,9,1,17,4,33,0.16,4,Rain-Thunderstorm,174
2011-9-18,95,84,72,72,70,61,93,69,44,30.06,29.97,29.86,10,9,5,12,4,21,T,4,Rain-Thunderstorm,185
2011-9-19,95,83,70,68,57,47,79,51,22,30.05,29.98,29.91,10,10,10,10,3,17,0.00,0,,346
2011-9-20,97,81,65,55,48,42,68,43,17,30.00,29.93,29.84,10,10,10,8,2,12,0.00,0,,238
2011-9-21,97,83,69,69,60,53,84,54,24,30.00,29.94,29.88,10,10,10,12,3,17,0.00,0,,144
2011-9-22,98,85,71,65,58,53,69,49,28,30.08,30.00,29.95,10,10,10,15,4,26,0.00,0,,357
2011-9-23,93,80,67,58,51,43,68,44,20,30.14,30.06,29.96,10,10,10,12,4,17,T,1,,14
2011-9-24,99,79,59,57,47,43,64,40,15,30.01,29.90,29.79,10,10,10,10,2,18,0.00,0,,182
2011-9-25,105,90,74,66,58,51,74,46,18,29.79,29.72,29.63,10,10,10,14,7,24,0.00,0,,194
2011-9-26,104,89,73,68,61,55,68,46,23,29.88,29.77,29.69,10,10,10,13,5,23,0.00,0,Thunderstorm,157
2011-9-27,100,87,74,72,62,52,87,58,28,29.90,29.86,29.77,10,10,9,25,6,40,0.02,2,Rain-Thunderstorm,193
2011-9-28,103,84,65,61,57,53,73,47,21,29.95,29.85,29.77,10,10,10,8,2,15,0.00,0,,202
2011-9-29,101,87,73,66,58,53,64,43,22,29.97,29.87,29.79,10,10,10,14,4,23,0.00,1,Thunderstorm,205
2011-9-30,91,82,73,57,45,31,54,36,17,30.10,30.03,29.94,10,10,10,17,8,29,T,0,Rain-Thunderstorm,4
2011-10-1,89,75,61,37,32,27,36,24,11,30.19,30.12,30.07,10,10,10,8,3,14,0.00,0,,32
2011-10-2,90,74,58,52,40,29,62,37,12,30.21,30.14,30.08,10,10,10,9,2,15,0.00,0,,108
2011-10-3,88,74,59,54,47,39,72,47,21,30.22,30.15,30.10,10,10,10,10,2,15,0.00,0,,146
2011-10-4,89,73,56,54,49,45,72,48,23,30.23,30.14,30.06,10,10,10,13,3,17,0.00,0,,141
2011-10-5,90,77,64,63,57,51,78,55,31,30.14,30.05,29.94,10,10,10,13,5,21,0.00,3,,150
2011-10-6,90,80,69,69,66,63,84,65,46,30.04,29.97,29.87,10,10,8,17,8,29,T,4,Rain,137
2011-10-7,95,86,76,72,68,62,87,62,36,30.04,29.97,29.88,10,10,10,21,9,30,T,6,Rain,146
2011-10-8,90,82,73,72,69,65,93,69,44,30.02,29.94,29.85,10,9,0,20,9,32,0.49,7,Fog-Rain-Thunderstorm,137
2011-10-9,74,69,63,70,64,61,93,85,76,30.02,29.96,29.88,10,8,0,23,5,38,1.70,7,Fog-Rain-Thunderstorm,39
2011-10-10,79,72,65,63,62,61,93,76,58,30.07,30.01,29.94,10,10,10,8,2,13,0.00,6,,359
2011-10-11,87,79,71,62,61,59,93,67,40,29.98,29.91,29.82,10,10,2,9,2,12,0.00,1,,200
2011-10-12,89,79,68,68,65,63,93,68,43,29.84,29.78,29.72,10,10,6,12,5,19,T,3,Rain,182
2011-10-13,88,75,61,66,48,33,90,53,15,29.98,29.92,29.86,10,10,10,14,5,22,0.00,1,,354
2011-10-14,89,72,54,52,45,40,77,48,18,30.02,29.95,29.90,10,10,10,10,2,15,0.00,0,,179
2011-10-15,88,73,57,59,52,43,86,54,21,30.08,30.02,29.97,10,10,10,9,3,16,0.00,0,,136
2011-10-16,89,75,61,64,57,51,97,63,29,30.09,30.02,29.94,10,10,8,10,2,14,0.00,0,,175
2011-10-17,90,77,64,67,61,57,93,65,37,29.96,29.85,29.68,10,10,5,14,5,22,0.00,1,,190
2011-10-18,75,65,55,63,39,31,68,48,27,30.11,29.98,29.74,10,10,10,24,11,39,0.00,0,,336
2011-10-19,76,64,52,50,30,24,47,31,15,30.19,30.11,30.03,10,10,10,15,6,23,0.00,0,,328
2011-10-20,81,63,44,48,35,28,70,43,16,30.15,30.07,29.98,10,10,10,13,4,20,0.00,0,,179
2011-10-21,87,72,56,62,56,49,80,58,36,30.14,30.07,30.01,10,10,10,13,5,21,0.00,0,,172
2011-10-22,87,76,64,64,61,57,93,65,37,30.10,30.02,29.93,10,10,10,14,6,25,0.00,3,,178
2011-10-23,90,77,63,62,61,58,93,64,34,30.09,29.99,29.93,10,10,10,10,3,17,0.00,0,,234
2011-10-24,88,75,62,63,59,53,93,63,32,30.17,30.11,30.06,10,10,9,9,3,14,0.00,0,,147
2011-10-25,87,76,64,65,60,55,93,64,34,30.15,30.05,29.95,10,10,5,16,6,27,0.00,1,,185
2011-10-26,88,76,64,64,59,52,97,66,34,29.97,29.90,29.82,10,10,6,14,6,23,0.00,0,,182
2011-10-27,74,63,51,66,55,43,87,67,46,30.12,29.92,29.81,10,10,10,20,7,31,0.00,6,,3
2011-10-28,63,56,49,43,39,36,71,55,39,30.32,30.22,30.12,10,10,10,17,9,27,0.00,4,,350
2011-10-29,68,56,44,40,33,27,83,53,22,30.36,30.25,30.12,10,10,10,8,2,14,0.00,0,,309
2011-10-30,75,60,45,45,40,33,76,52,27,,,,10,10,10,7,2,15,0.00,0,,160
2011-10-31,80,64,48,52,46,43,86,58,30,30.23,30.14,30.10,10,10,10,10,3,17,0.00,0,,177
2011-11-1,81,67,53,58,52,48,83,59,35,30.15,30.08,30.00,10,10,9,14,6,23,0.00,0,,164
2011-11-2,86,71,55,61,55,33,90,62,34,30.28,30.02,29.92,10,10,10,21,8,34,0.00,4,,181
2011-11-3,64,53,42,31,22,13,53,34,14,30.42,30.32,30.29,10,10,10,18,9,31,0.00,1,,346
2011-11-4,67,52,36,27,20,13,64,39,13,30.30,30.21,30.11,10,10,10,6,2,9,0.00,0,,35
2011-11-5,78,60,42,60,45,25,76,58,39,30.10,29.97,29.86,10,10,10,18,6,28,0.00,3,,161
2011-11-6,80,74,67,66,64,60,81,72,62,,,,10,10,8,12,7,20,0.01,8,Rain,149
2011-11-7,78,74,69,68,66,64,90,76,62,30.04,29.96,29.86,10,10,3,20,8,31,0.07,8,Rain,157
2011-11-8,75,65,54,67,56,29,90,57,24,30.12,29.94,29.84,10,10,9,14,6,23,0.01,6,Rain,240
2011-11-9,64,56,47,42,34,29,71,50,28,30.43,30.30,30.13,10,10,10,18,9,31,0.00,0,,351
2011-11-10,67,54,40,33,27,19,62,39,16,30.52,30.41,30.34,10,10,10,12,4,17,0.00,0,,343
2011-11-11,70,53,35,38,27,19,89,52,15,30.28,30.15,30.07,10,10,10,12,4,21,0.00,0,,185
2011-11-12,80,67,53,60,51,40,78,59,39,30.06,29.98,29.90,10,10,10,17,7,29,0.00,0,,185
2011-11-13,86,75,64,66,62,58,93,67,40,29.94,29.87,29.78,10,10,10,16,8,27,0.00,1,,188
2011-11-14,83,77,70,68,65,61,90,71,51,29.92,29.84,29.71,10,10,10,13,6,22,T,7,Rain,184
2011-11-15,73,67,60,70,67,62,93,83,73,29.83,29.76,29.67,10,7,0,13,3,23,0.68,5,Rain-Thunderstorm,300
2011-11-16,79,66,53,58,52,40,84,63,42,30.27,30.00,29.83,10,10,10,18,7,27,0.00,0,,327
2011-11-17,63,54,45,39,33,26,71,51,30,30.45,30.35,30.27,10,10,10,15,5,25,0.00,2,,18
2011-11-18,70,57,43,60,47,34,78,66,53,30.14,30.01,29.97,10,10,10,15,5,23,0.00,6,,156
2011-11-19,80,73,65,70,65,60,93,79,64,29.97,29.92,29.84,10,10,8,14,7,26,0.00,7,,177
2011-11-20,83,78,73,70,67,64,87,71,55,30.07,30.01,29.94,10,10,10,15,8,22,0.00,8,,170
2011-11-21,79,70,61,70,66,55,93,81,68,30.10,29.98,29.80,10,8,0,18,5,30,0.27,7,Fog-Rain,140
2011-11-22,72,62,51,70,58,48,93,73,52,30.25,30.01,29.88,10,8,1,14,6,22,0.73,5,Rain-Thunderstorm,331
2011-11-23,73,61,48,52,49,46,93,71,49,30.33,30.27,30.21,10,10,10,7,2,10,0.00,0,,2
2011-11-24,72,58,44,53,49,43,100,72,44,30.32,30.23,30.17,10,9,5,12,4,17,0.00,1,,141
2011-11-25,78,66,54,59,55,51,100,70,40,,,,10,8,4,16,8,27,0.00,5,,158
2011-11-26,67,58,49,61,53,34,100,76,52,30.27,30.08,29.96,10,7,1,21,8,35,1.14,7,Rain,296
2011-11-27,55,47,39,34,18,8,52,34,16,,,,10,10,10,21,9,32,0.00,1,,326
2011-11-28,63,48,33,32,26,19,75,47,19,30.24,30.12,30.05,10,10,10,8,2,13,0.00,0,,327
2011-11-29,67,51,35,52,30,23,82,52,21,30.27,30.19,30.08,10,10,10,13,5,18,0.00,0,,2
2011-11-30,63,52,40,37,34,31,79,55,30,30.30,30.20,30.11,10,10,10,9,2,13,0.00,0,,89
2011-12-1,73,57,41,59,50,33,86,73,60,30.22,30.14,30.06,10,10,7,14,4,21,T,5,,124
2011-12-2,63,57,51,59,56,52,100,92,84,30.32,30.23,30.11,10,3,1,10,4,15,0.65,8,Rain,78
2011-12-3,70,62,54,65,62,55,100,89,78,30.04,30.01,29.94,10,6,2,13,7,22,0.15,8,Rain,139
2011-12-4,67,56,44,63,48,42,93,90,87,30.13,30.06,29.97,10,5,2,21,8,30,1.02,8,Rain-Thunderstorm,4
2011-12-5,44,40,35,43,38,32,89,83,76,30.31,30.20,29.99,10,8,2,16,9,25,0.64,8,Rain-Thunderstorm,341
2011-12-6,42,36,30,30,26,23,92,72,51,30.43,30.37,30.33,10,10,9,14,8,25,0.00,5,,336
2011-12-7,52,40,27,30,25,20,85,57,28,30.50,30.40,30.31,10,10,10,8,3,12,0.00,0,,328
2011-12-8,56,43,30,38,32,28,92,67,41,30.34,30.24,30.15,10,10,8,10,2,19,0.00,0,,167
2011-12-9,64,53,41,49,45,38,100,80,60,30.42,30.24,30.15,10,6,0,12,4,20,0.00,4,Fog,17
2011-12-10,53,50,46,43,40,38,82,71,59,30.54,30.46,30.41,10,8,5,12,6,19,0.00,7,,20
2011-12-11,52,48,44,38,33,28,71,57,42,30.43,30.35,30.27,10,10,8,9,3,13,0.01,8,Rain,98
2011-12-12,60,55,49,51,41,33,72,62,52,30.29,30.23,30.18,10,10,9,12,4,17,0.00,8,,108
2011-12-13,68,63,57,66,61,50,100,88,75,30.24,30.16,30.09,10,3,0,14,6,20,0.04,8,Fog-Rain,127
2011-12-14,73,69,65,68,66,64,100,90,79,30.06,29.99,29.91,10,7,2,16,9,27,0.19,8,Rain,162
2011-12-15,70,60,50,65,55,48,96,90,84,30.19,30.07,29.98,10,6,1,10,7,25,0.71,8,Rain,5
2011-12-16,56,51,46,47,44,34,93,73,52,30.43,30.30,30.19,10,10,8,15,8,22,T,8,,358
2011-12-17,61,54,46,35,31,25,60,43,25,30.52,30.45,30.40,10,10,10,12,5,17,0.00,6,,15
2011-12-18,62,57,52,47,39,33,63,51,39,30.42,30.28,30.10,10,10,10,8,3,13,0.00,7,,119
2011-12-19,70,63,56,68,61,49,97,82,67,30.06,29.89,29.75,10,6,1,16,5,23,0.19,8,Rain-Thunderstorm,142
2011-12-20,59,53,46,57,40,29,100,68,36,30.06,29.96,29.89,10,8,0,21,7,34,0.00,1,Fog,314
2011-12-21,50,47,43,45,36,31,93,73,52,30.08,30.00,29.93,10,9,2,8,1,11,0.36,5,Rain,298
2011-12-22,68,55,42,48,44,34,100,71,42,30.30,30.01,29.88,10,5,0,16,4,32,0.71,6,Fog-Rain,325
2011-12-23,44,43,41,37,35,34,82,76,70,30.45,30.37,30.29,10,10,9,16,8,25,0.00,8,,5
2011-12-24,44,43,41,41,39,37,96,89,82,30.41,30.37,30.32,9,6,2,13,7,21,0.20,8,Rain,3
2011-12-25,47,44,40,41,39,37,100,88,76,30.45,30.38,30.35,10,8,3,14,7,23,0.01,8,Rain,335
2011-12-26,57,48,38,43,37,32,96,69,41,30.32,30.22,30.09,10,10,9,14,3,21,0.05,5,Rain,307
2011-12-27,65,51,37,35,32,28,85,56,26,30.30,30.23,30.17,10,10,10,12,4,20,0.00,0,,329
2011-12-28,68,53,37,40,35,32,85,59,32,30.19,30.07,29.98,10,10,10,12,4,19,0.00,0,,293
2011-12-29,72,55,37,37,35,33,85,55,25,30.09,29.99,29.90,10,10,10,9,4,13,0.00,0,,229
2011-12-30,75,58,41,39,36,33,76,51,26,30.08,30.00,29.90,10,10,10,12,4,19,0.00,0,,346
2011-12-31,79,63,46,46,41,34,71,50,28,30.11,30.02,29.93,10,10,10,10,3,19,0.00,0,,228
2012-1-1,63,55,47,43,29,24,66,45,23,30.61,30.46,30.18,10,10,9,18,8,25,0.00,0,,350
2012-1-2,60,49,37,28,25,21,64,44,23,30.76,30.66,30.61,10,10,10,13,5,20,0.00,0,,1
2012-1-3,62,47,31,35,26,21,92,57,22,30.63,30.48,30.30,10,10,10,12,4,20,0.00,0,,173
2012-1-4,73,57,41,46,40,33,89,63,37,30.33,30.27,30.22,10,10,10,8,2,14,0.00,0,,352
2012-1-5,70,57,44,50,42,32,77,57,37,30.35,30.24,30.12,10,10,10,7,2,10,0.00,3,,310
2012-1-6,74,65,55,56,53,45,93,67,40,30.05,29.94,29.90,10,8,2,15,5,29,0.00,3,,193
2012-1-7,69,59,49,56,47,38,100,67,34,29.96,29.96,29.96,10,7,0,9,2,14,0.00,3,Fog,287
2012-1-8,60,54,47,52,46,41,82,72,62,30.06,30.01,29.99,10,9,5,13,4,19,0.05,7,Rain,26
2012-1-9,57,50,42,52,48,39,100,89,77,30.10,30.02,29.97,10,6,1,15,8,25,0.87,8,Rain-Thunderstorm,342
2012-1-10,58,50,41,39,37,32,89,66,43,30.07,29.99,29.90,10,10,10,18,7,31,0.00,4,,304
2012-1-11,77,58,38,39,35,32,85,53,21,29.96,29.79,29.65,10,10,10,18,6,33,0.00,0,,277
2012-1-12,50,42,33,35,16,2,62,39,15,30.34,30.23,29.99,10,10,10,20,8,33,0.00,0,,338
2012-1-13,58,45,32,34,21,18,59,41,23,30.36,30.32,30.26,10,10,10,9,4,15,0.00,0,,269
2012-1-14,67,49,31,32,24,19,64,42,19,30.44,30.35,30.29,10,10,10,9,2,15,0.00,0,,213
2012-1-15,64,51,37,58,42,28,84,60,36,30.35,30.26,30.18,10,10,10,14,4,22,0.00,4,,178
2012-1-16,73,67,60,63,60,34,93,79,64,30.15,30.04,29.94,10,9,4,17,8,32,0.00,7,,177
2012-1-17,74,59,44,64,47,25,93,63,33,30.32,30.11,29.94,10,9,5,16,8,24,0.00,3,,351
2012-1-18,66,51,36,39,29,22,63,46,28,30.35,30.22,30.05,10,10,10,13,4,19,0.00,0,,153
2012-1-19,80,63,45,55,49,39,89,62,35,30.03,29.93,29.83,10,10,9,12,4,20,0.00,1,,195
2012-1-20,74,66,57,62,58,55,100,84,68,29.89,29.84,29.77,10,4,0,13,5,22,0.00,5,Fog,183
2012-1-21,61,52,43,57,41,32,100,74,47,30.08,29.97,29.86,10,8,1,14,5,20,0.00,2,,9
2012-1-22,76,63,50,63,51,27,93,68,42,29.96,29.82,29.73,10,7,2,13,5,22,0.00,6,,188
2012-1-23,67,58,48,39,36,31,66,47,27,30.16,30.05,29.96,10,10,10,10,4,12,0.00,1,,13
2012-1-24,68,58,47,66,54,39,100,78,55,30.03,29.91,29.81,10,5,0,12,4,19,0.40,8,Fog-Rain-Thunderstorm,116
2012-1-25,70,60,50,67,57,44,100,88,75,29.97,29.81,29.70,10,6,0,23,7,37,3.14,8,Fog-Rain-Thunderstorm,320
2012-1-26,70,59,47,45,41,33,93,60,27,30.12,30.00,29.95,10,10,10,15,5,21,0.00,4,,306
2012-1-27,71,55,38,47,42,37,92,65,38,30.12,30.04,29.94,10,10,10,15,4,25,0.00,0,,200
2012-1-28,59,50,41,40,28,22,57,42,26,30.47,30.37,30.13,10,10,10,16,9,27,0.00,0,,16
2012-1-29,63,49,34,36,30,24,75,53,30,30.52,30.42,30.35,10,10,10,12,2,15,0.00,0,,158
2012-1-30,64,53,41,58,49,34,93,75,56,30.35,30.23,30.15,10,8,3,13,4,20,0.20,6,Rain,176
2012-1-31,73,66,58,61,59,57,100,83,66,30.15,30.10,30.01,10,6,2,13,4,20,0.04,6,Rain,181
2012-2-1,82,71,59,63,60,57,97,71,45,30.14,30.08,30.00,10,7,1,9,1,14,T,6,Rain,310
2012-2-2,72,63,54,66,60,50,97,85,73,30.11,30.02,29.93,10,9,3,15,3,22,0.03,6,Rain,144
2012-2-3,75,71,66,67,64,63,93,79,64,29.99,29.94,29.89,10,9,4,14,5,23,0.04,8,Rain-Thunderstorm,166
2012-2-4,69,60,50,67,45,35,71,59,46,30.30,30.13,29.96,10,9,4,21,9,33,0.13,6,Rain-Thunderstorm,352
2012-2-5,50,46,41,38,35,32,82,67,52,30.41,30.34,30.29,10,10,7,20,8,28,0.09,5,Rain,357
2012-2-6,51,46,40,39,35,32,79,67,54,30.39,30.30,30.19,10,10,10,9,3,13,T,7,Rain,17
2012-2-7,67,55,43,44,40,38,83,63,43,30.35,30.23,30.17,10,10,8,8,3,13,0.00,3,,52
2012-2-8,56,49,41,40,38,35,79,67,55,30.50,30.40,30.34,10,10,7,13,6,21,0.00,1,,4
2012-2-9,58,48,37,42,38,35,92,74,55,30.37,30.26,30.14,10,8,3,12,4,15,0.00,3,,115
2012-2-10,65,57,48,49,43,31,93,62,30,30.34,30.16,30.10,10,7,2,16,5,25,0.15,5,Rain,330
2012-2-11,50,43,35,35,24,13,82,56,29,30.58,30.46,30.34,10,10,7,16,9,25,0.00,1,,23
2012-2-12,44,37,29,32,21,16,70,55,39,30.59,30.43,30.20,10,10,10,12,6,19,0.01,5,Rain,93
2012-2-13,64,52,39,53,42,34,96,82,67,30.18,30.02,29.85,10,6,1,9,3,13,0.25,6,Rain,66
2012-2-14,73,58,42,61,49,41,100,77,53,29.97,29.92,29.85,10,5,0,16,4,23,T,3,Fog,168
2012-2-15,78,68,57,65,59,43,100,67,33,30.05,29.92,29.86,10,5,1,13,4,21,T,5,Rain,244
2012-2-16,65,58,50,47,42,34,77,60,43,30.25,30.14,30.05,10,10,7,14,6,21,T,3,,5
2012-2-17,57,54,51,55,52,46,100,92,83,30.11,30.03,29.87,8,3,1,10,5,16,0.53,8,Rain-Thunderstorm,47
2012-2-18,57,53,48,55,52,43,100,89,77,30.08,29.88,29.80,10,7,1,15,7,26,1.72,8,Rain-Thunderstorm,345
2012-2-19,59,52,44,45,44,42,92,73,53,30.18,30.10,30.04,10,10,10,12,5,18,0.00,2,,39
2012-2-20,70,59,47,56,50,45,93,76,59,30.13,30.06,29.99,10,9,4,12,5,20,0.00,5,,170
2012-2-21,76,63,49,59,54,47,100,73,46,30.18,30.08,29.97,10,9,5,13,3,19,0.00,3,,182
2012-2-22,88,75,62,61,55,29,93,53,12,29.98,29.83,29.68,10,10,6,15,5,22,0.00,4,,210
2012-2-23,92,75,58,55,48,34,72,43,14,29.74,29.60,29.52,10,10,10,18,5,30,0.00,0,,234
2012-2-24,65,56,46,41,23,17,46,34,21,30.40,30.18,29.82,10,10,10,21,10,35,0.00,0,,15
2012-2-25,62,51,39,34,28,20,67,44,20,30.45,30.35,30.24,10,10,10,14,4,20,0.00,0,,205
2012-2-26,66,53,40,50,41,32,73,63,52,30.22,30.15,30.06,10,10,10,14,6,23,0.00,4,,180
2012-2-27,70,65,59,60,56,51,90,78,66,30.25,30.16,30.12,10,9,4,13,6,19,0.04,8,Rain,106
2012-2-28,78,70,62,65,63,60,100,80,60,30.14,30.02,29.88,10,6,0,18,9,31,0.04,7,Fog-Rain,163
2012-2-29,76,68,60,65,55,37,87,57,27,30.06,29.98,29.92,10,10,2,12,3,17,0.01,5,Rain,121
2012-3-1,72,63,53,67,59,47,93,78,62,29.94,29.84,29.69,10,7,2,9,2,15,0.00,6,,180
2012-3-2,83,71,59,67,55,36,90,55,20,29.80,29.72,29.65,10,8,4,15,6,23,0.00,4,,21
2012-3-3,66,56,45,38,26,16,50,33,16,30.22,30.06,29.83,10,10,10,18,8,28,T,3,,4
2012-3-4,73,58,42,35,31,28,67,43,19,30.27,30.21,30.14,10,10,8,15,4,26,0.00,0,,211
2012-3-5,76,62,47,49,39,34,66,46,25,30.35,30.28,30.22,10,10,10,20,6,29,0.00,0,,172
2012-3-6,75,65,54,58,53,50,89,66,43,30.23,30.11,30.00,10,10,10,22,11,35,0.00,4,,167
2012-3-7,73,69,64,66,62,57,90,79,68,30.02,29.95,29.88,10,9,2,21,10,32,0.01,8,Rain,161
2012-3-8,76,61,46,68,61,43,93,84,74,30.25,29.99,29.88,10,10,5,18,10,29,0.04,8,Rain,164
2012-3-9,46,44,42,43,41,38,96,86,76,30.39,30.32,30.24,10,6,1,15,9,28,1.27,8,Rain-Thunderstorm,357
2012-3-10,52,48,43,52,46,40,96,90,83,30.31,30.17,30.06,10,5,1,12,4,19,0.77,8,Rain-Thunderstorm,20
2012-3-11,74,63,51,59,53,50,100,77,53,30.07,30.03,29.94,10,7,1,12,4,20,0.34,6,Rain-Thunderstorm,297
2012-3-12,80,66,51,64,57,50,100,79,58,30.12,30.05,29.99,10,5,0,13,4,24,0.00,1,Fog,168
2012-3-13,80,72,64,66,64,62,100,79,58,30.15,30.09,30.00,10,7,1,15,6,22,0.00,7,,165
2012-3-14,79,73,67,66,65,62,93,79,64,30.14,30.07,30.02,10,9,6,16,8,25,T,7,Rain,149
2012-3-15,82,75,67,67,65,64,93,76,58,30.18,30.11,30.03,10,10,6,15,7,23,T,6,Rain,152
2012-3-16,80,74,68,66,65,63,93,76,58,30.14,30.07,29.97,10,9,7,14,8,26,T,6,,158
2012-3-17,79,73,66,65,64,61,93,74,54,30.07,30.01,29.94,10,10,10,17,9,26,0.00,6,,153
2012-3-18,75,71,67,66,65,64,93,83,73,30.02,29.94,29.85,10,10,8,20,9,31,T,6,Rain,157
2012-3-19,79,69,59,67,65,63,90,76,62,29.90,29.75,29.59,10,10,8,23,13,38,0.08,6,Rain,156
2012-3-20,70,61,52,58,51,40,93,65,37,29.85,29.75,29.66,10,7,1,17,4,29,2.77,6,Rain-Thunderstorm,355
2012-3-21,71,60,49,50,40,35,89,60,31,29.90,29.85,29.81,10,10,10,14,5,24,0.00,1,,260
2012-3-22,83,67,51,48,44,38,77,49,21,30.00,29.88,29.80,10,10,10,17,8,30,0.00,0,,202
2012-3-23,80,65,49,54,47,43,86,61,35,30.07,30.00,29.93,10,10,10,8,2,12,0.00,0,,83
2012-3-24,81,67,53,63,58,52,93,72,51,30.09,30.01,29.95,10,8,1,8,2,11,0.00,3,,115
2012-3-25,82,70,58,63,59,56,93,67,40,30.08,30.02,29.98,10,9,4,8,2,14,0.00,0,,138
2012-3-26,82,71,59,60,57,54,93,66,39,30.07,30.01,29.94,10,10,5,16,4,23,0.00,0,,168
2012-3-27,81,70,59,64,59,54,97,76,54,30.08,30.01,29.97,10,9,5,13,5,20,0.00,1,,163
